<GeneralInfo>
	<Blueprints>
			<imageMain>DSPlan.png</imageMain>
			<Details>
				<Detail>
					<title>MK2-Superlaser</title>
					<idDetail>1</idDetail>
					<textDetail>MK2-Superlaser was the primary weapon of the StarKiller Base, a powerful laser weapon. It was powered by eight kyber crystals. Laser beams generated from these crystals were focused and combined into a single blast of incredible power, capable of destroying an entire planet at full output</textDetail>
					<imageDetail>detall.png</imageDetail>
				</Detail>
				<Detail>
					<title>Energy Supply</title>
					<idDetail>2</idDetail>
					<textDetail>As Starkiller Base was charged through the power of stars, it gradually blocked out sunlight until, running at full capacity, it extinguished it completely, leaving the surface in darkness. In order for the weapon to fire, its weapons engineers would induce a breach in the containment field, allowing the collected dark energy to escape the core through the hollow cylindrical opening on the antipodes of the planet relative to the stellar collector. During this process, the dark energy transformed to a state known as "phantom energy", and left the planet behind, tearing a hole through hyperspace along a perfectly linear path.</textDetail>
					<imageDetail>detall3.png</imageDetail>
				</Detail>
				<Detail>
					<title>StarKiller Base</title>
					<idDetail>3</idDetail>
					<textDetail>Starkiller Base was a base located in the forested ice planet of Ilum rich in kyber crystals that was located in the Unknown Regions. The weapon was powered by a type of dark energy called "quintessence". 
					
					Starkiller Base was protected by a planetary shield that was strong enough to deflect any bombardment,[11] and could not be penetrated by any ship traveling at sublight speeds.
					
					In addition to the primary weapon and shield control, Starkiller Base's facilities included numerous ship hangars, sanitation infrastructure, amenities for the garrison of stormtroopers, flooding tunnels and a room dedicated to military communications .
					</textDetail>
					<imageDetail>DS3D.png</imageDetail>
				</Detail>
			</Details>
	</Blueprints>
	<TechnicalInfo>
		<InfoOptions>
			<InfoOption>
				<idOption>0</idOption>
				<textOption>Shuttle</textOption>
				<icon>Shuttle.png</icon>
			</InfoOption>
			<InfoOption>
				<idOption>1</idOption>
				<textOption>Tie-Fighter</textOption>
				<icon>TieFighter.png</icon>
			</InfoOption>
			<InfoOption>
				<idOption>2</idOption>
				<textOption>Tie-Interceptor</textOption>
				<icon>TieInterceptor.png</icon>
			</InfoOption>
			<InfoOption>
				<idOption>3</idOption>
				<textOption>Tie-Bomber</textOption>
				<icon>TieBomber.png</icon>
			</InfoOption>
			<InfoOption>
				<idOption>4</idOption>
				<textOption>Tie-Advanced</textOption>
				<icon>TieAdvanced.png</icon>
			</InfoOption>
		</InfoOptions>
		<InfoDetails>
			<InfoDetail>
				<title>Lambda class T-4a Shuttle</title>
				<pdfFile>Shuttle.pdf</pdfFile>
				<Blueprint>blueprint.jpg</Blueprint>
				<idInfoDetail>0</idInfoDetail>
				<GeneralView>ImperialShuttle.mp4</GeneralView>>
				<textInfoDetail>The Lambda Class Shuttle, is a multi-purpose transport with a trihedral foil design used by the First Order
				</textInfoDetail>
				<FrontView>front.png</FrontView>
				<SideView>side.png</SideView>
				<TopView>top.png</TopView>
				<RearView>rear.png</RearView>
				<View360>videoShuttle.png</View360>
				<Data>	
					<Manufacturer>Sienar Fleet Systems</Manufacturer>
					<Length>22</Length>
					<Speed>850 kph</Speed>
					<Hyperdrive>Class 1</Hyperdrive>
					<Shielding>Deflector Shield</Shielding>
					<Armament>Laser cannons</Armament>
				</Data>
			</InfoDetail>
			<InfoDetail>
				<title>TIE-Advanced x1</title>
				<pdfFile>TieAdvanced.pdf</pdfFile>
				<Blueprint>TieAdvadced.png</Blueprint>
				<idInfoDetail>4</idInfoDetail>
				<GeneralView>TieAdvanced.mp4</GeneralView>
				<textInfoDetail>The TIE Advanced x1, also known as "TIE/x1" or "TIE Interceptor prototype",[6] was an advanced prototype starfighter touted as a replacement for the standard TIE Fighter</textInfoDetail>
				<FrontView>TieAdvancedDavant.png</FrontView>
				<SideView>TieAdvancedLateral.png</SideView>
				<TopView>TieAdvancedDalt.png</TopView>
				<RearView>TieAdvanced.png</RearView>
				<View360>VideoAdvanced.png</View360>
				<Data>	
					<Manufacturer>Sienar Fleet Systems</Manufacturer>
					<Length>17</Length>
					<Speed>1530 kph</Speed>
					<Hyperdrive>Class 2</Hyperdrive>
					<Shielding>Field Shield</Shielding>
					<Armament>Laser blaster</Armament>
				</Data>
			</InfoDetail>
			<InfoDetail>
				<title>TIE/IN starfighter</title>
				<pdfFile>TieInterceptor.pdf</pdfFile>
				<Blueprint>TieInterceptor.jpg</Blueprint>
				<idInfoDetail>2</idInfoDetail>
				<textInfoDetail>
				Interceptors were fast and maneuverable starfighters. They were designed specifically to target, hunt down, and destroy enemy fighters and bombers, hence the name interceptor, and thus were generally unsuited to carrying heavy bombing payloads. Interceptors could also be used for reconnaissance due to their high speed.
				</textInfoDetail>
				<GeneralView>TieInterceptor.mp4</GeneralView>
				<FrontView>TieInterceptorDavant.png</FrontView>
				<SideView>TieInterceptorLateral.png</SideView>
				<TopView>TieInterceptorDalt.png</TopView>
				<RearView>TieInterceptor.png</RearView>
				<View360>VideoInterceptor.png</View360>
				<Data>	
					<Manufacturer>Sienar Fleet Systems</Manufacturer>
					<Length>9,2</Length>
					<Speed>1200 kph</Speed>
					<Hyperdrive>Class 4</Hyperdrive>
					<Shielding>Deflector Shield</Shielding>
					<Armament>Laser cannons
							  Cluster missile launch equipment
					</Armament>
				</Data>
			</InfoDetail>
			<InfoDetail>
				<title>TIE/SA Bomber</title>
				<pdfFile>Tiebomber.pdf</pdfFile>
				<Blueprint>tiebomber.jpg</Blueprint>
				<idInfoDetail>3</idInfoDetail>
				<textInfoDetail>The TIE/sa bomber, simply known as the TIE bomber was a larger, less maneuverable TIE starfighter used for destroying large starships and pinpoint-precision bombing. The "sa" in the TIE bomber's designation stood for "surface assault."</textInfoDetail>
				<GeneralView>TieBomber.mp4</GeneralView>
				<FrontView>TieBomberDavant.png</FrontView>
				<SideView>TieBomberLateral.png</SideView>
				<TopView>TieBomberDalt.png</TopView>
				<RearView>TieBomber.png</RearView>
				<View360>VideoBomber.png</View360>
				<Data>	
					<Manufacturer>Sienar Fleet Systems</Manufacturer>
					<Length>7,8</Length>
					<Speed>850 kph</Speed>
					<Hyperdrive>None</Hyperdrive>
					<Shielding>None</Shielding>
					<Armament>T-s5 proton torpedo launchers</Armament>
				</Data>
			</InfoDetail>
			<InfoDetail>
				<title>TIE/LN Fighter</title>
				<pdfFile>TieFigther.pdf</pdfFile>
				<Blueprint>tie.jpg</Blueprint>
				<idInfoDetail>1</idInfoDetail>
				<textInfoDetail>TIEs were designed to attack in large numbers, overwhelming the enemy craft. Standard attack squadrons consisted of 12 fighters while full attack wings were made up of six squadrons</textInfoDetail>
				<GeneralView>TieFigther.mp4</GeneralView>
				<FrontView>TieFigtherDavant.png</FrontView>
				<SideView>TieFigtherLateral.png</SideView>
				<TopView>TieFigtherDalt.png</TopView>
				<RearView>TieFigther.png</RearView>
				<View360>VideoTieFigther.png</View360>
				<Data>	
					<Manufacturer>Sienar Fleet Systems</Manufacturer>
					<Length>6,3</Length>
					<Speed>1200 kph</Speed>
					<Hyperdrive>none</Hyperdrive>
					<Shielding>None</Shielding>
					<Armament>Laser cannons</Armament>
				</Data>
			</InfoDetail>
		</InfoDetails>
	</TechnicalInfo>
</GeneralInfo>